{"checkpoint_3750": {"test_loss": 4.9846272468566895, "test_score": 9.18324851734045, "test_counts": [8783, 2890, 1190, 552], "test_totals": [23091, 22094, 21097, 20100], "test_precisions": [38.036464423368415, 13.080474336924052, 5.640612409347301, 2.746268656716418], "test_bp": 0.9801061380227589, "test_sys_len": 23091, "test_ref_len": 23555, "test_runtime": 264.0475, "test_samples_per_second": 3.776, "test_steps_per_second": 0.473}, "checkpoint_7500": {"test_loss": 4.8955078125, "test_score": 9.585562330020052, "test_counts": [9819, 3412, 1428, 659], "test_totals": [26241, 25244, 24247, 23250], "test_precisions": [37.418543500628786, 13.516083029630803, 5.889388377943663, 2.8344086021505377], "test_bp": 1.0, "test_sys_len": 26241, "test_ref_len": 23555, "test_runtime": 309.937, "test_samples_per_second": 3.217, "test_steps_per_second": 0.403}, "checkpoint_11250": {"test_loss": 4.846273422241211, "test_score": 9.79680688972039, "test_counts": [10040, 3516, 1516, 687], "test_totals": [26655, 25658, 24661, 23664], "test_precisions": [37.666479084599516, 13.70332839660145, 6.147358176878472, 2.9031440162271807], "test_bp": 1.0, "test_sys_len": 26655, "test_ref_len": 23555, "test_runtime": 307.5536, "test_samples_per_second": 3.242, "test_steps_per_second": 0.406}, "checkpoint_15000": {"test_loss": 4.8306803703308105, "test_score": 10.692771166662784, "test_counts": [10091, 3686, 1600, 739], "test_totals": [25605, 24608, 23611, 22614], "test_precisions": [39.41027143136106, 14.97886866059818, 6.776502477658719, 3.267887149553374], "test_bp": 1.0, "test_sys_len": 25605, "test_ref_len": 23555, "test_runtime": 287.7604, "test_samples_per_second": 3.465, "test_steps_per_second": 0.434}, "checkpoint_18750": {"test_loss": 4.8198137283325195, "test_score": 10.314756438402217, "test_counts": [10101, 3632, 1552, 712], "test_totals": [25984, 24987, 23990, 22993], "test_precisions": [38.8739224137931, 14.535558490415015, 6.469362234264277, 3.0965946157526205], "test_bp": 1.0, "test_sys_len": 25984, "test_ref_len": 23555, "test_runtime": 293.1642, "test_samples_per_second": 3.401, "test_steps_per_second": 0.426}, "checkpoint_20000": {"test_loss": 4.817966461181641, "test_score": 10.85298323618384, "test_counts": [10135, 3700, 1611, 747], "test_totals": [25403, 24406, 23409, 22412], "test_precisions": [39.896862575286384, 15.160206506596738, 6.881968473663975, 3.3330358736391217], "test_bp": 1.0, "test_sys_len": 25403, "test_ref_len": 23555, "test_runtime": 386.8731, "test_samples_per_second": 2.577, "test_steps_per_second": 0.323}, "checkpoint_21250": {"test_loss": 4.815682411193848, "test_score": 10.73369275944931, "test_counts": [10144, 3687, 1591, 735], "test_totals": [25480, 24483, 23486, 22489], "test_precisions": [39.8116169544741, 15.059428991545154, 6.774248488461211, 3.2682644848592646], "test_bp": 1.0, "test_sys_len": 25480, "test_ref_len": 23555, "test_runtime": 388.3842, "test_samples_per_second": 2.567, "test_steps_per_second": 0.322}}