{"50000": {"test_loss": 4.9929728507995605, "test_score": 10.555421912636575, "test_counts": [4157, 1472, 608, 279], "test_totals": [10173, 9773, 9373, 8973], "test_precisions": [40.86306890789344, 15.061905249155837, 6.486717166328817, 3.1093279839518555], "test_bp": 1.0, "test_sys_len": 10173, "test_ref_len": 9538, "test_runtime": 146.5365, "test_samples_per_second": 2.73, "test_steps_per_second": 0.341}}