{"25000": {"test_loss": 5.550643444061279, "test_score": 9.392265089287456, "test_counts": [4159, 1393, 588, 257], "test_totals": [10904, 10507, 10110, 9713], "test_precisions": [38.14196625091709, 13.257828114590273, 5.816023738872404, 2.6459384330279008], "test_bp": 1.0, "test_sys_len": 10904, "test_ref_len": 10720, "test_runtime": 178.3962, "test_samples_per_second": 2.225, "test_steps_per_second": 0.28}}