{"50000": {"test_loss": 4.983453273773193, "test_score": 10.897227913495978, "test_counts": [4111, 1503, 643, 308], "test_totals": [10262, 9862, 9462, 9062], "test_precisions": [40.06041707269538, 15.240316365848713, 6.795603466497569, 3.398808210108144], "test_bp": 1.0, "test_sys_len": 10262, "test_ref_len": 9538, "test_runtime": 184.8645, "test_samples_per_second": 2.164, "test_steps_per_second": 0.27}}