{"50000": {"test_loss": 5.552225112915039, "test_score": 9.538963417092377, "test_counts": [4160, 1402, 606, 275], "test_totals": [11014, 10617, 10220, 9823], "test_precisions": [37.77011076811331, 13.205236884242254, 5.929549902152642, 2.799552071668533], "test_bp": 1.0, "test_sys_len": 11014, "test_ref_len": 10720, "test_runtime": 198.3723, "test_samples_per_second": 2.001, "test_steps_per_second": 0.252}}