{"25000": {"test_loss": 4.9912848472595215, "test_score": 10.160597837396292, "test_counts": [4085, 1412, 587, 270], "test_totals": [10234, 9834, 9434, 9034], "test_precisions": [39.91596638655462, 14.358348586536506, 6.2221751112995545, 2.988709320345362], "test_bp": 1.0, "test_sys_len": 10234, "test_ref_len": 9538, "test_runtime": 153.9683, "test_samples_per_second": 2.598, "test_steps_per_second": 0.325}}