{"50000": {"test_loss": 5.528787136077881, "test_score": 9.491910618285084, "test_counts": [4161, 1423, 610, 261], "test_totals": [10986, 10589, 10192, 9795], "test_precisions": [37.87547788093938, 13.438473887996977, 5.9850863422291996, 2.664624808575804], "test_bp": 1.0, "test_sys_len": 10986, "test_ref_len": 10720, "test_runtime": 182.9917, "test_samples_per_second": 2.169, "test_steps_per_second": 0.273}}